,y_actual,y_predict
0,726.9710693359375,756.7239979344213
1,718.8936157226562,726.6113597461285
2,743.1259765625,726.7945991614198
3,686.5838012695312,741.6643241005461
4,694.6612548828125,732.6099875116981
5,706.7774047851562,729.382516014306
6,722.9324340820312,724.5351289845069
7,702.7387084960938,729.5109142632941
8,678.50634765625,729.6702820569365
9,666.39013671875,728.7835713770432
10,658.3126831054688,729.5156108989145
11,654.2739868164062,745.3453917223201
12,654.2739868164062,730.0961221241937
13,682.5450439453125,729.6711648831808
14,678.50634765625,731.1970770770822
15,678.50634765625,726.1165179796074
16,682.5450439453125,720.8837949506449
17,666.39013671875,721.3450186937785
18,666.39013671875,714.8337160715505
19,694.6612548828125,713.8157114725875
20,706.7774047851562,715.5910750501116
21,731.0098266601562,714.3856994090334
22,726.9710693359375,714.8334335671523
23,731.0098266601562,718.0895439479134
24,726.9710693359375,719.6748880045889
25,751.2034912109375,720.4318938526523
26,751.2034912109375,719.0837475513268
27,759.2809448242188,723.4837535535048
28,763.3197021484375,728.1404854275595
29,771.3970947265625,733.4914012341249
30,767.3583374023438,740.3050541885409
31,767.3583374023438,757.732079566397
32,771.3970947265625,770.7924344610642
33,771.3970947265625,790.4142011955925
34,783.5132446289062,813.4082229315975
35,803.7069702148438,831.9989545517951
36,803.7069702148438,859.2282645692947
37,795.62939453125,862.8908634660354
38,803.7069702148438,865.6187435917116
39,803.7069702148438,867.842088518703
40,823.900634765625,868.2749205698161
41,811.7843627929688,867.0349734530065
42,840.0554809570312,869.7233735890323
43,836.0167236328125,893.076281849918
44,831.9779663085938,897.5556009618945
45,860.2491455078125,898.9650330611074
46,876.4039916992188,900.9578897122062
47,860.2491455078125,906.1825613658198
48,864.287841796875,915.59315365734
49,852.171630859375,923.994181168794
50,844.0941772460938,907.8164078963637
51,852.171630859375,904.4395975114659
52,844.0941772460938,904.383273197072
53,836.0167236328125,904.784658977359
54,836.0167236328125,904.967951362225
55,836.0167236328125,903.2020340255162
56,852.171630859375,881.8041797959434
57,852.171630859375,882.1265349708301
58,872.365234375,884.9859208938747
59,880.4428100585938,886.1625693689596
60,884.4815063476562,887.1118194600073
61,888.5202026367188,885.837812906688
62,888.5202026367188,874.5933786272135
63,880.4428100585938,934.5601105098588
64,884.4815063476562,903.5986525440833
65,888.5202026367188,895.5257715476795
66,892.5588989257812,896.780903275893
67,912.7525634765624,892.1285149069608
68,924.8687744140624,895.069120844492
69,924.8687744140624,890.7775612181782
70,924.8687744140624,890.9827300373809
71,924.8687744140624,900.0640634527831
72,924.8687744140624,904.7641420954387
73,928.9074096679688,909.6681182875051
74,949.1011962890624,899.8400021519499
75,969.2948608398438,911.6066104984726
76,969.2948608398438,913.5580272856585
77,1001.6046752929688,917.2729424656435
78,1037.9532470703125,922.8986291125213
79,1033.914306640625,921.0116939542277
80,1046.0306396484375,923.0668251686078
81,1066.2242431640625,939.9173120392843
82,1050.0694580078125,975.6513198541197
83,1046.0306396484375,986.2161986319538
84,1029.875732421875,1014.9389416658225
85,1033.914306640625,994.6143746146382
86,1037.9532470703125,952.3660272552941
87,1013.720703125,991.7652383042913
88,997.5659790039062,1012.6978166182686
89,1005.6434936523438,1023.1606583387728
90,1009.68212890625,939.9475929794679
91,993.527099609375,952.8601804173444
92,993.527099609375,999.9824084220827
93,1013.9661865234376,959.8528705341284
94,1009.910400390625,995.6078807853186
95,1046.4130859375,1007.7036508970725
96,1046.4130859375,1029.0093645515155
97,1034.2454833984375,1063.6948352217246
98,1038.3013916015625,1087.4617602993894
99,1034.2454833984375,1087.2923569784136
100,1034.2454833984375,1088.1334696827826
101,1034.2454833984375,1051.5040112082343
102,1034.2454833984375,1078.2361532120588
103,1034.2454833984375,1096.6176141816156
104,1038.3013916015625,1114.0018787667905
105,1034.2454833984375,1110.997693890202
106,1038.3013916015625,1065.0779149575417
107,1038.3013916015625,1097.177442995054
108,1013.9661865234376,1039.5262970360152
109,1018.0221557617188,1040.9831369045532
110,1022.0780029296876,1071.7255436084326
111,1022.0780029296876,1041.2976569965208
112,1022.0780029296876,1065.557956142075
113,1013.9661865234376,1065.161796693155
114,1018.0221557617188,1067.5596763686679
115,1009.910400390625,1095.7148173040164
116,1005.8543701171876,1064.9180307105464
117,1009.910400390625,1093.0960346385598
118,1009.910400390625,1101.0868497625818
119,1009.910400390625,1110.3312916719537
120,1018.0221557617188,1109.367194443628
121,1026.1337890625,1066.8012624127448
122,1026.1337890625,1101.6373200660628
123,1030.189697265625,1090.2350673530048
124,1018.0221557617188,1059.8083736600556
125,1005.8543701171876,1051.0131642304693
126,945.0164794921876,973.5092743959767
127,949.0723876953124,1050.1148002441498
128,932.8488159179688,1028.446501022862
129,928.7930908203124,1022.4682930283258
130,936.90478515625,1027.2763236641488
131,945.0164794921876,1026.6274640310266
132,961.2399291992188,1020.9955446308632
133,1022.0780029296876,1003.9818320158562
134,1026.1337890625,988.1333087912816
135,1034.2454833984375,958.961304309891
136,1038.3013916015625,958.3171589689141
137,1070.748291015625,972.5618164422052
138,1070.748291015625,963.5835618191012
139,1074.8043212890625,937.1762601460415
140,1082.915771484375,958.5079906899074
141,1091.027587890625,976.993180432585
142,1095.08349609375,963.8170781890121
143,1058.580810546875,997.6825224597003
144,1046.4130859375,1001.3779801492583
145,1034.2454833984375,1005.7858079919619
146,1030.189697265625,1024.7344373716464
147,1018.0221557617188,970.3621400868267
148,1018.0221557617188,1037.0331559945985
149,1046.4130859375,1063.3096713736788
150,1034.2454833984375,1081.294790811403
151,1046.4130859375,1008.7333441155116
152,1074.8043212890625,1006.1270291636918
153,1054.52490234375,1013.5276732880212
154,1058.580810546875,1024.413221042615
155,1086.9716796875,1054.7123562750412
156,1139.697998046875,1058.0679744159418
157,1147.8096923828125,1062.2230800037871
158,1159.9771728515625,1085.4412182172655
159,1143.7540283203125,1091.1778706054026
160,1151.86572265625,1102.367528275243
161,1135.6422119140625,1075.925050942241
162,1123.4744873046875,1073.1226955945858
163,1107.251220703125,1092.2901742896631
164,1123.4744873046875,1061.8846485629895
165,1147.8096923828125,1055.1181208735004
166,1143.7540283203125,1057.861728548721
167,1155.921630859375,1060.7605326635787
168,1131.586181640625,1064.5635715592816
169,1139.697998046875,1069.8428151171938
170,1143.7540283203125,1033.8735252799586
171,1127.5302734375,1030.8988069363431
172,1127.5302734375,1033.1016967792514
173,1127.5302734375,1034.4796075674074
174,1103.1953125,1041.0963372997437
175,1062.636474609375,1036.8944507492067
176,1026.1337890625,1031.765080188678
177,1022.0780029296876,1027.046585790564
178,1013.9661865234376,1024.6636965046814
179,1001.7985229492188,1024.021511037967
180,1022.0780029296876,1010.8422306199143
181,1030.189697265625,984.5152661350966
182,997.7427978515624,998.9340610850991
183,1005.8543701171876,1006.5394414437715
184,981.5193481445312,1016.2257403714234
185,928.7930908203124,1000.2799385229764
186,847.6757202148438,1007.7965683592975
187,839.5640869140625,1040.1654808934984
188,851.7315673828125,982.8265166404123
189,896.34619140625,981.0200246095101
190,892.2902221679688,1024.1441709163664
191,896.34619140625,1039.9789838493652
192,924.7371826171876,1015.5635942033227
193,949.0723876953124,1015.664607182209
194,973.4076538085938,1011.807857137796
195,961.2399291992188,999.8409531729396
196,969.3516235351562,991.0125759613504
197,981.5193481445312,982.1037203093201
198,1001.7985229492188,972.2013584866095
199,1009.910400390625,969.2322814026959
200,1009.910400390625,936.6069078444916
201,1026.1337890625,942.2003889899731
202,985.5751342773438,928.5201841325753
203,973.4076538085938,958.8020247988732
204,904.4579467773438,1013.8424714702558
205,900.40185546875,1021.0905543912874
206,932.8488159179688,1033.1263099749458
207,940.9606323242188,1036.0479263199595
208,940.9606323242188,1064.9696628034512
209,997.7427978515624,1080.2525636673586
210,1042.357177734375,1041.7960079973634
211,1095.08349609375,1017.4628359594635
212,1013.9661865234376,1018.5395926449926
213,997.7427978515624,1028.1558834514622
214,1026.1337890625,1022.0051447239794
215,1030.189697265625,1020.0174879194601
216,1151.86572265625,1058.6283218897986
217,1151.86572265625,1013.7400283128535
218,1184.3126220703125,1021.027105669101
219,1184.3126220703125,1023.2378350090598
220,1200.535888671875,1033.1200065955607
221,1184.3126220703125,1033.7050820325237
222,1176.200927734375,1042.7922553435326
223,1212.70361328125,1033.6434784171881
224,1216.75927734375,990.3697813445275
225,1220.8153076171875,1033.6438227194235
226,1224.8712158203125,1048.06516020901
227,1232.9830322265625,1072.4099392049582
228,1237.038818359375,1022.7727621435005
229,1245.150390625,1116.616154052503
230,1241.0946044921875,1127.4547293814633
231,1245.150390625,1078.8469012362093
232,1249.206298828125,1187.0077534365153
233,1253.26220703125,1220.8215876849547
234,1378.9940185546875,1266.7856182831165
235,1281.6533203125,1263.4157645690248
236,1293.82080078125,1262.8335406608312
237,1289.7650146484375,1262.2623873937428
238,1318.156005859375,1259.3923545861903
239,1350.6029052734375,1270.4421963048703
240,1370.88232421875,1272.216853621399
241,1387.105712890625,1276.1565187066878
242,1387.105712890625,1288.3897713494848
243,1387.105712890625,1310.3427114084977
244,1387.105712890625,1323.1093146985975
245,1383.0499267578125,1334.0186811052656
246,1378.9940185546875,1352.7166584576353
247,1378.9940185546875,1362.1325123935721
248,1374.9381103515625,1372.7175284380414
249,1387.105712890625,1381.1700600325946
250,1370.88232421875,1383.177536286301
251,1374.9381103515625,1388.9463996934985
252,1370.88232421875,1395.8779099515446
253,1387.105712890625,1402.4774951982142
254,1354.6588134765625,1405.7327227527308
255,1366.8265380859375,1406.1487104791004
256,1362.7705078125,1406.4235519455126
257,1358.7149658203125,1402.2903536909225
258,1354.6588134765625,1399.2510830923152
259,1326.267822265625,1399.8569667438592
260,1338.4354248046875,1399.3749259578822
261,1350.6029052734375,1399.1423895251025
262,1350.6029052734375,1398.0683078030943
263,1358.7149658203125,1402.3323762201567
264,1378.9940185546875,1403.6001500201905
265,1395.2174072265625,1404.5821882779558
266,1387.105712890625,1401.45414067221
267,1378.9940185546875,1393.7270803722695
268,1387.105712890625,1395.732790973487
269,1391.1617431640625,1399.431109020077
270,1411.44091796875,1406.5430513059569
271,1419.552490234375,1409.4767535422566
272,1443.8878173828125,1409.0939247696274
273,1460.1114501953125,1411.8489076610072
274,1447.9437255859375,1419.2139738876867
275,1456.055419921875,1425.5275940572647
276,1553.396240234375,1433.7152071523928
277,1565.5635986328125,1432.206739605081
278,1573.6754150390625,1452.6615058707923
279,1610.1781005859375,1469.517695799008
280,1610.1781005859375,1486.7105603437944
281,1610.1781005859375,1503.8811070411223
282,1618.2900390625,1522.5759415320617
283,1614.2342529296875,1540.1109189030851
284,1610.1781005859375,1552.655456079664
285,1614.2342529296875,1562.3722654823227
286,1630.457763671875,1571.8409300842009
287,1622.345947265625,1581.1099700156913
288,1614.2342529296875,1588.2245960933542
289,1622.345947265625,1594.8183546868108
290,1626.4017333984375,1601.2648931757483
291,1614.2342529296875,1605.4470529738537
292,1618.2900390625,1608.9545216429256
293,1626.4017333984375,1610.9938149544807
294,1618.2900390625,1611.953411769113
295,1618.2900390625,1611.156325609553
296,1630.457763671875,1610.6192494354991
297,1618.2900390625,1610.6645913914124
298,1606.122314453125,1608.853526320564
299,1606.122314453125,1607.5147379774294
300,1606.122314453125,1606.6286629324322
301,1614.2342529296875,1605.5774287536294
302,1622.345947265625,1605.8965174714117
303,1618.2900390625,1606.9844065958828
304,1618.2900390625,1608.136353592649
305,1606.122314453125,1606.337400897874
306,1646.68115234375,1606.8271222721773
307,1666.9603271484375,1607.6475856706895
308,1671.0162353515625,1610.3846648458325
309,1707.5189208984375,1612.495043326588
310,1687.2398681640625,1614.7797270210417
311,1731.854248046875,1616.5018032064527
312,1735.9102783203125,1618.935048901317
313,1748.07763671875,1621.364657352054
314,1748.07763671875,1624.569528497589
315,1752.1336669921875,1628.5505098511167
316,1739.9659423828125,1632.1686849312384
317,1744.02197265625,1634.468094167449
318,1735.9102783203125,1637.7866027071655
319,1582.3111572265625,1641.0659137616299
320,1598.7081298828125,1638.205909860214
321,1598.7081298828125,1642.893328774525
322,1557.7156982421875,1639.4451507160281
323,1578.2120361328125,1632.9616394639745
324,1627.40283203125,1624.5869025180793
325,1647.8992919921875,1618.3953948746293
326,1619.204345703125,1617.1658651075038
327,1623.303466796875,1612.3145936422293
328,1639.7008056640625,1607.9591173958197
329,1795.4722900390625,1604.7200985311504
330,1820.067749023437,1592.867591191046
331,1918.4500732421875,1604.1961588116135
332,1951.2437744140625,1616.161420719655
333,1947.1446533203125,1619.2810108499793
334,1930.747802734375,1622.3489026754305
335,1951.2437744140625,1632.686727371463
336,1951.2437744140625,1644.4956230950932
337,1951.2437744140625,1656.0665088632286
338,1951.2437744140625,1666.0034245051456
339,1934.8468017578125,1674.2713041624165
340,1951.2437744140625,1681.0881352913125
341,1926.648193359375,1686.5549132141953
342,1783.1748046875,1692.3910656377423
343,1729.88427734375,1694.8242407065068
344,1709.3878173828125,1698.7825863951275
345,1709.3878173828125,1699.7984722111041
346,1627.40283203125,1698.7908849618252
347,1557.7156982421875,1691.191234145479
348,1492.127685546875,1688.1608447788908
349,1516.72314453125,1679.6693628904336
350,1508.5247802734375,1668.2734885969917
351,1471.631591796875,1665.8364644058015
352,1496.2266845703125,1656.02988923061
353,1504.4254150390625,1642.8112612468435
354,1467.5321044921875,1632.8683776995142
355,1467.5321044921875,1621.2255239359338
356,1479.8299560546875,1607.7727351190981
357,1479.8299560546875,1590.9588149114654
358,1492.127685546875,1581.3012961193815
359,1529.0208740234375,1573.1186621642717
360,1570.0133056640625,1565.6760837933323
361,1516.72314453125,1556.9608584214902
362,1512.6241455078125,1447.9512394132762
363,1516.72314453125,1426.670642165487
364,1508.5247802734375,1494.5630172834922
365,1524.9217529296875,1495.1360421422187
366,1639.7008056640625,1402.9385070630492
367,1619.204345703125,1282.654331743901
368,1516.72314453125,1339.7544032152477
369,1582.3111572265625,1346.4690913476647
370,1586.4105224609375,1356.0422119507823
371,1590.5096435546875,1359.6835700480824
372,1590.5096435546875,1360.4107363690844
373,1578.2120361328125,1361.9526630310595
374,1615.1051025390625,1359.5680963753125
375,1619.204345703125,1361.258125968051
376,1623.303466796875,1359.6949408501105
377,1598.7081298828125,1419.407489400463
378,1586.4105224609375,1480.925682468523
379,1582.3111572265625,1487.2213282957648
380,1606.9066162109375,1491.1942582739432
381,1611.0057373046875,1552.7015396096226
382,1611.0057373046875,1598.9348322123317
383,1578.2120361328125,1598.6938206476057
384,1574.11279296875,1601.7674685001705
385,1582.3111572265625,1602.0623324658059
386,1586.4105224609375,1602.593546673597
387,1582.3111572265625,1602.4278931570943
388,1516.72314453125,1603.2465909031177
389,1459.3336181640625,1600.04055442694
390,1541.3187255859375,1598.3143819277548
391,1524.9217529296875,1579.9306554053483
392,1524.9217529296875,1591.2880384745336
393,1520.822509765625,1589.831587049543
394,1529.0208740234375,1453.6018570732963
395,1524.9217529296875,1553.9813551596299
396,1442.9365234375,1559.903247668035
397,1348.6536865234375,1555.0477033237373
398,1295.3634033203125,1542.6347778836762
399,1348.6536865234375,1528.3571115371064
400,1319.958984375,1391.8115769567066
401,1324.0582275390625,1480.331999475677
402,1324.0582275390625,1436.0989086384204
403,1324.0582275390625,1462.6649159854392
404,1340.455322265625,1439.8940020979235
405,1369.1500244140625,1432.7242170365091
406,1352.7530517578125,1404.6526731253102
407,1356.852294921875,1391.1942165639853
408,1393.74560546875,1386.4300977055595
409,1340.455322265625,1422.6738758787092
410,1389.6463623046875,1389.612933508034
411,1381.4478759765625,1387.074490237885
412,1319.958984375,1367.6628714625779
413,1319.958984375,1279.6480082207354
414,1356.852294921875,1229.1688863911734
415,1356.852294921875,1238.3629920310375
416,1336.35595703125,1252.3663024656298
417,1336.35595703125,1308.0338382749471
418,1328.1573486328125,1305.3717287044801
419,1340.455322265625,1304.1576660531568
420,1332.2568359375,1287.9370757078723
421,1303.5621337890625,1300.4303736492252
422,1324.0582275390625,1340.0639927226403
423,1401.944091796875,1341.1456137807759
424,1418.3411865234375,1289.9947141487864
425,1471.631591796875,1356.8977588642474
426,1447.035888671875,1334.1080407777256
427,1438.8375244140625,1319.4234798151035
428,1447.035888671875,1352.3459773741292
429,1512.6241455078125,1371.1541490983268
430,1524.9217529296875,1411.784072901617
431,1504.4254150390625,1422.816681852006
432,1455.2342529296875,1431.4606808024487
433,1537.2193603515625,1438.1103752667516
434,1549.5172119140625,1431.5485396702932
435,1570.0133056640625,1457.1589405773043
436,1574.11279296875,1476.5238401877568
437,1631.5020751953125,1493.8311543268696
438,1631.5020751953125,1530.826023412245
439,1631.5020751953125,1549.9584572160175
440,1623.303466796875,1559.2380910624408
441,1619.204345703125,1567.554314284856
442,1557.7156982421875,1576.867672093816
443,1557.7156982421875,1579.7120323141808
444,1561.81494140625,1587.7567334968626
445,1565.914306640625,1584.7530407959055
446,1570.0133056640625,1590.6084388315808
447,1561.81494140625,1592.4225761377597
448,1574.11279296875,1595.671553282466
449,1561.81494140625,1599.9753665370522
450,1422.4403076171875,1595.5312898487527
451,1377.3486328125,1449.1816873196958
452,1373.2493896484375,1433.7835379037108
453,1356.852294921875,1546.6988508433285
454,1311.7606201171875,1551.3164558582307
455,1373.2493896484375,1460.7495714786
456,1360.951416015625,1432.2395807413736
457,1356.852294921875,1482.781100729891
458,1369.1500244140625,1480.6829052513083
459,1377.3486328125,1467.5101842322515
460,1348.6536865234375,1423.1585121738447
461,1344.5545654296875,1427.3427907549367
462,1332.2568359375,1357.015351320004
463,1307.6612548828125,1342.3287598570196
464,1295.3634033203125,1233.110414239838
465,1295.3634033203125,1116.9899537197175
466,1299.462890625,1147.9305620884318
467,1295.3634033203125,1123.15488222378
468,1287.1649169921875,1138.4595270980876
469,1291.2642822265625,1087.361610283157
470,1356.852294921875,1085.7309860684052
471,1356.852294921875,1093.810631720907
472,1373.2493896484375,1114.2137708596108
473,1393.74560546875,1084.8926498525748
474,1332.2568359375,1050.048800154117
475,1344.5545654296875,1111.469595692645
476,1319.958984375,1057.8763967067719
477,1365.05078125,1044.29687818255
478,1393.74560546875,1104.951122314247
479,1410.142578125,1118.26552122019
480,1401.944091796875,1127.3976016951872
481,1422.4403076171875,1132.5955457842508
482,1377.3486328125,1088.8462304865413
483,1393.74560546875,1059.810028959264
484,1598.7081298828125,1099.8136013362998
485,1475.7305908203125,1055.157208005472
486,1508.5247802734375,1113.802437834615
487,1479.8299560546875,1119.6619448746915
488,1455.2342529296875,1150.4806277660887
489,1442.9365234375,1219.709297243088
490,1410.142578125,1223.5645464828856
491,1418.3411865234375,1224.5882717959123
492,1422.4403076171875,1314.3406253693934
493,1471.631591796875,1298.540366255601
494,1475.7305908203125,1209.4650697854888
495,1492.127685546875,1226.7089263741532
496,1475.7305908203125,1116.6637648718645
497,1479.8299560546875,1247.2539527950935
498,1516.72314453125,1335.8327830983949
499,1463.4327392578125,1355.6971328283641
500,1471.631591796875,1357.457205855335
501,1479.8299560546875,1382.2363199140775
502,1549.5172119140625,1378.351337086368
503,1639.7008056640625,1302.4861051854514
504,1627.40283203125,1241.323920628715
505,1615.1051025390625,1321.127811193002
506,1635.6014404296875,1375.5952241773953
507,1611.0057373046875,1400.500653015189
508,1615.1051025390625,1457.935651107143
509,1598.7081298828125,1505.8916908432088
510,1594.60888671875,1511.865740726134
511,1594.60888671875,1542.6347778836762
512,1590.5096435546875,1553.141752088139
513,1533.1202392578125,1556.4907004767629
514,1557.7156982421875,1554.3163700628616
515,1561.81494140625,1573.0495192128087
516,1582.3111572265625,1578.5509745505722
517,1578.2120361328125,1581.6739900467248
518,1582.3111572265625,1592.4099693789894
519,1598.7081298828125,1600.8638075563845
520,1578.2120361328125,1598.3810529657333
521,1570.0133056640625,1598.0457555581033
522,1570.0133056640625,1596.7115579114397
523,1594.60888671875,1594.7158055902592
524,1623.303466796875,1593.7543724970385
525,1639.7008056640625,1586.4239836852398
526,1639.7008056640625,1593.6102599408998
527,1627.40283203125,1594.4127136840257
528,1635.6014404296875,1596.4187067896414
529,1631.5020751953125,1600.1152415272177
530,1615.1051025390625,1600.7330433330612
531,1627.40283203125,1601.4828453189702
532,1623.303466796875,1605.1140509144593
533,1606.9066162109375,1606.475933992148
534,1598.7081298828125,1608.729542202798
535,1602.8072509765625,1610.2866711327022
536,1570.0133056640625,1611.9628403534034
537,1574.11279296875,1612.2934058123633
538,1582.3111572265625,1613.5011827408262
539,1557.7156982421875,1612.9667197324557
540,1561.81494140625,1612.7819971690737
541,1557.7156982421875,1611.2912214597002
542,1565.914306640625,1608.4437183779055
543,1578.2120361328125,1606.6436709785874
544,1578.2120361328125,1604.0157091272545
545,1578.2120361328125,1601.8259469106006
546,1586.4105224609375,1600.2868276360828
547,1586.4105224609375,1598.8542478327413
548,1574.11279296875,1598.109107169403
549,1561.81494140625,1597.3653790280555
550,1533.1202392578125,1595.6352867803453
551,1533.1202392578125,1594.0828544860615
552,1557.7156982421875,1589.4296539169845
553,1529.0208740234375,1587.7647848722117
554,1545.4180908203125,1586.032220711017
555,1545.4180908203125,1584.89464612551
556,1533.1202392578125,1582.942787925202
557,1541.3187255859375,1582.5746846943296
558,1541.3187255859375,1580.75751046587
559,1520.822509765625,1579.0480410392292
560,1508.5247802734375,1575.1716216260904
561,1496.2266845703125,1570.8557666215302
562,1475.7305908203125,1566.9176553104317
563,1463.4327392578125,1557.3352826882726
564,1496.2266845703125,1553.0341532254693
565,1475.7305908203125,1548.252095337757
566,1438.8375244140625,1543.6325127920675
567,1356.852294921875,1546.2685260187495
568,1348.6536865234375,1506.3674635628506
569,1463.4327392578125,1525.557175133361
570,1529.0208740234375,1467.0417566269634
571,1549.5172119140625,1504.2612520219686
572,1537.2193603515625,1514.0347035564694
573,1533.1202392578125,1415.7613110718685
574,1516.72314453125,1479.8315076211918
575,1529.0208740234375,1484.1089773406447
576,1537.2193603515625,1485.0513060739363
577,1524.9217529296875,1483.9387684407209
578,1524.9217529296875,1488.8950256029816
579,1442.9365234375,1489.2809619239913
580,1463.4327392578125,1487.9981447647529
581,1498.7626953125,1484.3317320586361
582,1507.043212890625,1490.900171195403
583,1523.6041259765625,1496.9495791265515
584,1540.1649169921875,1503.9000701488524
585,1544.3052978515625,1509.747805252726
586,1536.0247802734375,1506.292282079876
587,1556.7259521484375,1498.0166335516542
588,1556.7259521484375,1542.6511631387727
589,1548.445556640625,1544.8900811207156
590,1523.6041259765625,1548.916333804057
591,1527.7442626953125,1546.8590661501653
592,1544.3052978515625,1545.9563586587233
593,1552.585693359375,1547.0210117964414
594,1531.884521484375,1549.6622160414406
595,1515.3236083984375,1552.9039540109425
596,1536.0247802734375,1557.2057897347413
597,1527.7442626953125,1557.9763557939189
598,1507.043212890625,1559.7313790547717
599,1490.4822998046875,1559.844875196754
600,1502.903076171875,1557.412406388985
601,1556.7259521484375,1554.5564281752436
602,1573.2867431640625,1553.5499709435576
603,1552.585693359375,1555.1776906599653
604,1552.585693359375,1556.7597506030118
605,1565.00634765625,1554.9865411215242
606,1544.3052978515625,1556.5015062699947
607,1523.6041259765625,1555.7607444248285
608,1544.3052978515625,1553.1864230961064
609,1536.0247802734375,1552.98503277323
610,1523.6041259765625,1553.3352322878654
611,1486.342041015625,1554.9629166912234
612,1482.201904296875,1549.8791794192687
613,1482.201904296875,1546.9417339996926
614,1428.37890625,1548.1924162836344
615,1415.9581298828125,1546.8007996180338
616,1391.1168212890625,1543.240396687347
617,1386.9766845703125,1534.1286763926119
618,1366.2755126953125,1523.3441063038545
619,1349.7144775390625,1513.7655474910712
620,1349.7144775390625,1505.923613840207
621,1345.5743408203125,1496.9489081786057
622,1316.5926513671875,1481.9582007309443
623,1333.153564453125,1473.930802942653
624,1333.153564453125,1431.2160319935956
625,1329.0133056640625,1446.1099816848687
626,1320.73291015625,1438.9434454240338
627,1316.5926513671875,1432.1314874960071
628,1341.43408203125,1419.3896209972759
629,1337.2938232421875,1276.0191156300066
630,1366.2755126953125,1373.4953866419978
631,1370.4156494140625,1381.198963763837
632,1391.1168212890625,1403.0933371297951
633,1370.4156494140625,1392.1164345154289
634,1357.9949951171875,1373.7104254586131
635,1374.5557861328125,1369.9437060346058
636,1370.4156494140625,1369.1934979486246
637,1362.13525390625,1360.295492231138
638,1366.2755126953125,1352.669586162283
639,1386.9766845703125,1347.345508273548
640,1386.9766845703125,1343.3469763342814
641,1411.8179931640625,1341.454461714123
642,1420.098388671875,1343.7850347167614
643,1391.1168212890625,1349.076571630127
644,1395.2569580078125,1367.6374637232634
645,1395.2569580078125,1368.9570947368943
646,1366.2755126953125,1413.7939151296587
647,1378.6962890625,1411.6395365888811
648,1345.5743408203125,1408.7057990395315
649,1353.854736328125,1411.2158153046103
650,1333.153564453125,1411.3223900888365
651,1366.2755126953125,1404.0066208796452
652,1349.7144775390625,1401.3824551811633
653,1357.9949951171875,1402.5306060250782
654,1362.13525390625,1407.2526317281702
655,1353.854736328125,1405.1997782055007
656,1357.9949951171875,1405.9073810969264
657,1345.5743408203125,1398.1459258865034
658,1324.8731689453125,1391.6575767466302
659,1291.751220703125,1388.0582588350894
660,1287.611083984375,1378.0930221272513
661,1283.4708251953125,1374.107220542429
662,1283.4708251953125,1370.469517345781
663,1279.3306884765625,1332.7011335615716
664,1279.3306884765625,1373.1020169240103
665,1283.4708251953125,1369.9505567662625
666,1291.751220703125,1364.918976868828
667,1291.751220703125,1356.8385741928216
668,1250.348876953125,1344.8737183848525
669,1233.7882080078125,1312.2968119874668
670,1217.2271728515625,1319.6656390539474
671,1200.666259765625,1309.670068436351
672,1208.9466552734375,1246.5164574070318
673,1192.3857421875,1298.5853903940663
674,1200.666259765625,1295.069940975745
675,1275.1905517578125,1251.967406255352
676,1295.8914794921875,1251.7256442883183
677,1262.7696533203125,1170.0348627070503
678,1258.62939453125,1234.9204728887676
679,1242.068603515625,1160.158526602025
680,1217.2271728515625,1173.5664855021691
681,1258.62939453125,1174.0241249707503
682,1258.62939453125,1151.9773316536935
683,1242.068603515625,1161.832563797346
684,1242.068603515625,1122.978995647572
685,1221.3675537109375,1142.624493855083
686,1213.0869140625,1148.4320780213607
687,1221.3675537109375,1165.1358877256584
688,1221.3675537109375,1198.1766354459926
689,1225.5076904296875,1188.429721668399
690,1213.0869140625,1244.5074538639226
691,1200.666259765625,1222.8592565962203
692,1196.5260009765625,1264.5625028909487
693,1204.806396484375,1251.37745761752
694,1188.2454833984375,1262.999635590456
695,1150.983642578125,1263.5587824206204
696,1167.5443115234375,1252.8128183235315
697,1159.263916015625,1255.1957605789887
698,1146.84326171875,1216.649359682099
699,1130.2825927734375,1225.4687938638322
700,1138.56298828125,1155.9192302893807
701,1097.16064453125,1111.0528465286397
702,1113.721435546875,1087.488459172086
703,1134.4227294921875,1076.909598633606
704,1142.703125,1081.43927636163
705,1138.56298828125,1098.9227474424883
706,1134.4227294921875,1103.4311849228377
707,1113.721435546875,1117.110201275404
708,1084.739990234375,1083.8099473322898
709,1109.581298828125,1078.9106280486626
710,1142.703125,1112.2861774145138
711,1150.983642578125,1080.98129921201
712,1138.56298828125,1111.0859718246295
713,1138.56298828125,1080.8612436710318
714,1134.4227294921875,1075.2097166999797
715,1117.86181640625,1072.0085843235897
716,1105.4410400390625,1102.0948889085444
717,1093.0205078125,1109.7322121278055
718,1101.30078125,1115.7833034982489
719,1093.0205078125,1081.3088189204266
720,1122.001953125,1104.7552813819661
721,1138.56298828125,1075.0108600884246
722,1155.123779296875,1104.7347167722519
723,1159.263916015625,1110.3443037031468
724,1159.263916015625,1066.6169327070415
725,1159.263916015625,1090.8346719028852
726,1109.581298828125,1099.5303608817048
727,1142.703125,1110.2341024342386
728,1130.2825927734375,1120.6506197787494
729,1126.14208984375,1134.8994949544233
730,1134.4227294921875,1094.5459123186279
731,1134.4227294921875,1128.402992914183
732,1126.14208984375,1134.4668703674774
733,1221.3675537109375,1136.9081850942157
734,1262.7696533203125,1115.2384441073175
735,1262.7696533203125,1079.741230706592
736,1291.751220703125,1121.1673854315177
737,1287.611083984375,1141.1034857609693
738,1308.3121337890625,1167.014056419345
739,1316.5926513671875,1214.8943805625586
740,1324.8731689453125,1182.0236519345056
741,1333.153564453125,1212.4926782494074
742,1333.153564453125,1235.8761587831373
743,1349.7144775390625,1248.9537464460955
744,1349.7144775390625,1257.6662703696297
745,1341.43408203125,1265.7435301842058
746,1324.8731689453125,1271.2335440938416
747,1362.13525390625,1279.72954605267
748,1366.2755126953125,1291.5039938962432
749,1391.1168212890625,1307.100637965023
750,1370.4156494140625,1334.6786996621172
751,1366.2755126953125,1352.053867826376
752,1357.9949951171875,1354.380256232616
753,1366.2755126953125,1353.4656482433993
754,1366.2755126953125,1353.7144110225513
755,1370.4156494140625,1379.3765278909605
756,1370.4156494140625,1388.6694747571496
757,1362.13525390625,1382.79654379226
758,1357.9949951171875,1384.6802124934493
759,1357.9949951171875,1382.6062241104885
760,1349.7144775390625,1383.1384447401983
761,1266.909912109375,1385.2094844835026
762,1242.068603515625,1378.8279396626792
763,1242.068603515625,1368.0279730842192
764,1258.62939453125,1339.4702037906447
765,1262.7696533203125,1253.7105819880046
766,1242.068603515625,1329.052306754244
767,1221.3675537109375,1326.2352082083069
768,1159.263916015625,1319.9152846593438
769,1142.703125,1306.3373640506243
770,1159.263916015625,1288.6250268870972
771,1159.263916015625,1274.350927158555
772,1225.5076904296875,1266.624890937058
773,1225.5076904296875,1242.9545978130416
774,1225.5076904296875,1273.2009576925764
775,1225.5076904296875,1263.8743221769
776,1213.0869140625,1258.260853845245
777,1213.0869140625,1251.0493199307323
778,1204.806396484375,1242.0882274498197
779,1221.3675537109375,1228.3675096960656
780,1254.4892578125,1224.6515174680626
781,1262.7696533203125,1224.983724983837
782,1287.611083984375,1224.3643076059661
783,1275.1905517578125,1193.7039198743244
784,1324.8731689453125,1238.6667813700042
785,1366.2755126953125,1243.3862292204622
786,1362.13525390625,1241.482564504837
787,1370.4156494140625,1238.0861200642632
788,1378.6962890625,1270.8927731634963
789,1424.2386474609375,1272.0040395269195
790,1407.677734375,1278.1547959109273
791,1403.5374755859375,1287.4372724578577
792,1370.4156494140625,1297.117020814776
793,1391.1168212890625,1305.4574158197634
794,1420.098388671875,1322.9549437014985
795,1420.098388671875,1340.517288686099
796,1420.098388671875,1352.59726503634
797,1424.2386474609375,1366.0258114445041
798,1424.2386474609375,1395.9217157897924
799,1411.8179931640625,1401.473915980085
800,1378.6962890625,1403.0107045933175
801,1357.9949951171875,1404.0796129535338
802,1407.677734375,1416.553206213111
803,1395.2569580078125,1414.6906900287381
804,1449.0799560546875,1411.1004828840396
805,1424.2386474609375,1406.9084354319966
806,1407.677734375,1406.9386634026055
807,1366.2755126953125,1410.2438236095063
808,1386.9766845703125,1408.6829868093757
809,1386.9766845703125,1408.139554286362
810,1403.5374755859375,1418.5560917703465
811,1399.3973388671875,1413.5408971280085
812,1440.799560546875,1410.1095987073052
813,1440.799560546875,1406.754011465323
814,1444.9398193359375,1409.7714056295936
815,1436.6593017578125,1412.6219103206195
816,1444.9398193359375,1417.5335317879624
817,1399.3973388671875,1420.1016380199237
818,1407.677734375,1412.963564077209
819,1386.9766845703125,1415.0093549899232
820,1395.2569580078125,1417.0289083066532
821,1370.4156494140625,1422.7005019182407
822,1386.02197265625,1418.3291347994316
823,1423.7083740234375,1417.79008109459
824,1499.0811767578125,1423.1655747838
825,1499.0811767578125,1423.4239603690162
826,1465.58203125,1431.1121056881027
827,1457.207275390625,1434.7369196215825
828,1390.2093505859375,1437.9661920845133
829,1360.8978271484375,1434.894027380039
830,1365.0850830078125,1430.3715557212354
831,1344.1480712890625,1424.8232399664182
832,1352.5228271484375,1417.649499843429
833,1381.834716796875,1412.0651647778398
834,1394.3968505859375,1408.4223058759242
835,1352.5228271484375,1407.5173030362466
836,1314.8365478515625,1407.471537323736
837,1327.398681640625,1403.168324390996
838,1335.7735595703125,1399.9818690009195
839,1339.9608154296875,1398.2488634266024
840,1406.9588623046875,1388.1682060155692
841,1406.9588623046875,1374.6862839326677
842,1406.9588623046875,1373.338172944392
843,1406.9588623046875,1366.3757284547416
844,1406.9588623046875,1364.8908500246807
845,1406.9588623046875,1364.5968865418145
846,1406.9588623046875,1366.8275236135848
847,1381.834716796875,1367.2387440782347
848,1377.647216796875,1369.7409561593126
849,1377.647216796875,1372.0572980028912
850,1365.0850830078125,1372.7933278993871
851,1348.3355712890625,1375.6663976292202
852,1298.0869140625,1377.9710861663723
853,1285.52490234375,1376.0363194821562
854,1285.52490234375,1377.9580556510045
855,1285.52490234375,1374.628052713586
856,1281.337646484375,1366.7066470441991
857,1281.337646484375,1362.9680897773887
858,1277.150146484375,1357.5346297169704
859,1277.150146484375,1354.8611670010002
860,1298.0869140625,1347.1271500302537
861,1310.6490478515625,1332.2681426017346
862,1310.6490478515625,1325.3404638095894
863,1302.2745361328125,1320.2154632389706
864,1293.899658203125,1317.4609747302877
865,1268.775390625,1311.2098586588147
866,1298.0869140625,1305.2960528388087
867,1226.901611328125,1301.0385349924795
868,1222.71435546875,1286.526919691139
869,1231.0889892578125,1278.3916758488294
870,1189.21533203125,1287.3327988000933
871,1143.1541748046875,1283.5870023580785
872,1159.903564453125,1277.6549043782882
873,1172.465576171875,1266.2027234269772
874,1172.465576171875,1256.029828329927
875,1164.0909423828125,1256.0171332885325
876,1247.838623046875,1250.4378744738485
877,1256.21337890625,1208.6100967090827
878,1293.899658203125,1249.2527861798671
879,1298.0869140625,1244.977514697763
880,1298.0869140625,1242.7486697632687
881,1302.2745361328125,1245.430166198063
882,1281.337646484375,1248.7050013234682
883,1243.6512451171875,1245.3615352858221
884,1272.9627685546875,1248.1094290824592
885,1277.150146484375,1251.9397914504266
886,1277.150146484375,1253.6139036859786
887,1272.9627685546875,1257.276873369742
888,1277.150146484375,1262.147514042819
889,1268.775390625,1266.6704447712698
890,1256.21337890625,1273.0660618424292
891,1256.21337890625,1279.481719069337
892,1256.21337890625,1286.223580593557
893,1277.150146484375,1283.65162523917
894,1268.775390625,1283.4864307923144
895,1256.21337890625,1283.1672361353828
896,1256.21337890625,1285.2127975132735
897,1256.21337890625,1282.9589774243248
898,1256.21337890625,1278.0148149816125
899,1268.775390625,1278.8308995619523
900,1268.775390625,1277.4785156946537
901,1214.339599609375,1275.6623302315877
902,1247.838623046875,1269.8988873775309
903,1239.4637451171875,1264.9156687017655
904,1226.901611328125,1310.0689999596784
905,1226.901611328125,1275.9615553588706
906,1260.400634765625,1295.370137211897
907,1256.21337890625,1301.628863245597
908,1247.838623046875,1289.285327948347
909,1247.838623046875,1281.1421739828877
910,1268.775390625,1275.5967009285775
911,1272.9627685546875,1271.7989766468663
912,1260.400634765625,1269.212172155048
913,1264.587890625,1275.3962993710948
914,1243.6512451171875,1296.5529301576428
915,1243.6512451171875,1283.7015049219794
916,1252.02587890625,1273.3737797581834
917,1247.838623046875,1266.3528215450533
918,1252.02587890625,1263.4856844075825
919,1252.02587890625,1278.5993165815166
920,1247.838623046875,1305.8305864732788
921,1247.838623046875,1302.2340582926702
922,1252.02587890625,1286.7379504766045
923,1264.587890625,1268.4974360275673
924,1260.400634765625,1286.8456552784237
925,1243.6512451171875,1277.8483845780147
926,1218.52685546875,1269.4328787161526
927,1231.0889892578125,1261.5760606148074
928,1243.6512451171875,1265.6983647935415
929,1247.838623046875,1262.4977665270294
930,1243.6512451171875,1258.7252381063336
931,1260.400634765625,1248.265186116762
932,1243.6512451171875,1245.1496569871617
933,1252.02587890625,1237.7450578012574
934,1256.21337890625,1255.1099763528186
935,1256.21337890625,1249.832970759436
936,1256.21337890625,1249.744705791519
937,1260.400634765625,1249.303230871473
938,1260.400634765625,1260.5475680400607
939,1264.587890625,1257.949940098486
940,1264.587890625,1257.8080346079582
941,1243.6512451171875,1256.737554817027
942,1243.6512451171875,1252.9678955816257
943,1243.6512451171875,1253.3121007060618
944,1243.6512451171875,1251.913500884868
945,1243.6512451171875,1250.2034576211684
946,1243.6512451171875,1245.3707608200762
947,1235.2764892578125,1239.2751987328695
948,1231.0889892578125,1234.7530713763012
949,1235.2764892578125,1231.8605971256159
950,1243.6512451171875,1238.0234747139593
951,1247.838623046875,1234.1146379211257
952,1205.964599609375,1233.479303186068
953,1222.71435546875,1231.2496725362162
954,1218.52685546875,1239.7412338790352
955,1252.02587890625,1242.0876800975482
956,1252.02587890625,1240.5977254165819
957,1252.02587890625,1234.2715514578083
958,1226.901611328125,1232.4657656879017
959,1243.6512451171875,1236.9441578323215
960,1197.5899658203125,1236.8368503023125
961,1197.5899658203125,1241.0095285465532
962,1218.52685546875,1245.311470209501
963,1226.901611328125,1244.127458963538
964,1226.901611328125,1246.2411745274976
965,1235.2764892578125,1242.29577107162
966,1231.0889892578125,1245.68407585422
967,1243.6512451171875,1246.2098871653952
968,1235.2764892578125,1243.3184723062031
969,1218.52685546875,1237.9711672589776
970,1214.339599609375,1238.2589686146578
971,1205.964599609375,1241.643795061855
972,1205.964599609375,1246.8093438418798
973,1205.964599609375,1234.4554000232083
974,1252.02587890625,1218.1877373825716
975,1256.21337890625,1224.4628398431055
976,1256.21337890625,1221.879707908464
977,1256.21337890625,1220.2463645888795
978,1247.838623046875,1213.068704717365
979,1218.52685546875,1212.9327671322496
980,1214.339599609375,1213.8200163361519
981,1210.152099609375,1213.0791485518364
982,1193.402587890625,1211.1713963506995
983,1205.964599609375,1210.8106912037554
984,1193.402587890625,1210.0337864521427
985,1193.402587890625,1208.2851725098246
986,1193.402587890625,1207.6081154064557
987,1197.5899658203125,1207.2589311420013
988,1193.402587890625,1214.2908805418745
989,1214.339599609375,1223.2102683110008
990,1210.152099609375,1216.2247820563712
991,1172.465576171875,1215.7647766134548
992,1205.964599609375,1215.79163218781
993,1239.4637451171875,1226.2798993041533
994,1243.6512451171875,1224.7774261470413
995,1247.838623046875,1228.6584097718637
996,1256.21337890625,1233.4242766262535
997,1260.400634765625,1244.5333030163592
998,1247.838623046875,1244.7148032639489
999,1247.838623046875,1245.8697077286338
1000,1247.838623046875,1246.9869684822568
1001,1243.6512451171875,1247.8761334191095
1002,1243.6512451171875,1250.2695636503504
1003,1214.339599609375,1250.6910337276977
1004,1218.52685546875,1252.9172831530334
1005,1214.339599609375,1254.7674044569346
1006,1226.901611328125,1255.1988328143193
1007,1218.52685546875,1251.3768749521987
1008,1214.339599609375,1267.062772754289
1009,1214.339599609375,1299.2495758907914
1010,1210.152099609375,1286.6231830648303
1011,1210.152099609375,1276.90420190961
1012,1205.964599609375,1265.133373653639
1013,1201.77734375,1261.1565239269353
1014,1210.152099609375,1254.559119261089
1015,1218.52685546875,1252.7657989977538
1016,1218.52685546875,1246.3721329725945
1017,1218.52685546875,1244.6500832719707
1018,1205.964599609375,1231.7705400204227
1019,1210.152099609375,1254.0055695493145
1020,1210.152099609375,1251.9844271453444
1021,1218.52685546875,1252.3872607606722
1022,1218.52685546875,1251.6831185481246
1023,1222.71435546875,1251.8534687002475
1024,1222.71435546875,1259.2779579614387
1025,1193.402587890625,1259.321110508266
1026,1201.77734375,1257.3430676815483
1027,1205.964599609375,1254.4000074870578
1028,1218.52685546875,1237.4501850073593
1029,1214.339599609375,1256.4072718624654
1030,1214.339599609375,1252.8425783962307
1031,1205.964599609375,1250.1568002541508
1032,1201.77734375,1248.1225213956639
1033,1197.5899658203125,1237.1894864173828
1034,1197.5899658203125,1237.2141525826519
1035,1193.402587890625,1236.905587153703
1036,1189.21533203125,1240.682317827322
1037,1197.5899658203125,1246.2870638356824
1038,1205.964599609375,1243.0473210534929
1039,1197.5899658203125,1247.053436470199
1040,1185.0277099609375,1241.059019785815
1041,1185.0277099609375,1239.642683985371
1042,1197.5899658203125,1246.38746766446
1043,1201.77734375,1255.215880189099
1044,1201.77734375,1272.2708825875573
1045,1197.5899658203125,1265.29136423834
1046,1197.5899658203125,1257.869126184072
1047,1197.5899658203125,1253.6059494215162
1048,1197.5899658203125,1229.271373689888
1049,1197.5899658203125,1244.9458212355883
1050,1193.402587890625,1239.7232507084364
1051,1193.402587890625,1241.2587592236146
1052,1193.402587890625,1238.612160910262
1053,1193.402587890625,1216.1597619034699
1054,1193.402587890625,1197.1117616017134
1055,1193.402587890625,1191.0057203669855
1056,1193.402587890625,1178.1921065793706
1057,1201.77734375,1179.5433560149452
1058,1201.77734375,1202.3880521058381
1059,1201.77734375,1204.4737467648
1060,1201.77734375,1187.1734864073799
1061,1201.77734375,1179.4285886031707
1062,1097.0931396484375,1172.3558526308054
1063,1097.0931396484375,1133.686147392358
1064,1097.0931396484375,1157.5699211446681
1065,1097.0931396484375,1154.1475216125084
1066,1076.1561279296875,1135.768957416566
1067,1131.4835205078125,1118.6852311627129
1068,1067.4371337890625,1124.4027107718869
1069,1007.66064453125,1087.1118565315455
1070,1007.66064453125,1124.6388656887357
1071,990.581787109375,1109.7747066931972
1072,883.8379516601562,1076.8483768406213
1073,952.1539916992188,1114.5304649112052
1074,952.1539916992188,1020.795196042955
1075,986.3119506835938,1090.2374079460853
1076,960.6934814453124,1035.7439869005314
1077,973.502685546875,1074.6174991986995
1078,973.502685546875,1023.8988335030426
1079,956.4237060546876,1029.0510692633018
1080,982.042236328125,1050.2357783385535
1081,1016.2001342773438,1021.5119803273227
1082,1020.469970703125,1036.1549822444888
1083,1020.469970703125,1037.741628469875
1084,1016.2001342773438,1031.1317671257202
1085,1020.469970703125,1010.3684177745353
1086,1020.469970703125,1034.729473879365
1087,1029.009521484375,1029.982203759814
1088,1020.469970703125,991.3536205678315
1089,1011.9304809570312,1026.649949615472
1090,1105.864990234375,1041.9425394974119
1091,1088.785888671875,1016.1995204319642
1092,1088.785888671875,1032.6809329628995
1093,1088.785888671875,1046.5641701999884
1094,1088.785888671875,1060.8105712551123
1095,1088.785888671875,1051.0862666576384
1096,1088.785888671875,1065.0750899135596
1097,1088.785888671875,1074.2875495110452
1098,1088.785888671875,1083.980425494218
1099,1101.59521484375,1084.6448912882759
1100,1075.9766845703125,992.7765334237966
1101,1084.51611328125,1065.8755484693731
1102,1093.0556640625,1006.5484992410393
1103,1084.51611328125,974.6983972058953
1104,1093.0556640625,1044.9222811223578
1105,1075.9766845703125,1061.321008147241
1106,1084.51611328125,1081.936647425341
1107,1080.2464599609375,1089.5969770965316
1108,1084.51611328125,1018.2319806683877
1109,1088.785888671875,1048.9442609266762
1110,1088.785888671875,1089.3381832041775
1111,1101.59521484375,1102.8501953160871
1112,1110.1346435546875,1110.3784219027784
1113,1114.404541015625,1074.1854771406656
1114,1114.404541015625,1067.0850336666192
1115,1105.864990234375,1093.9090900213484
1116,1110.1346435546875,1105.7978525523624
1117,1088.785888671875,1105.2479207728904
1118,1101.59521484375,1084.047275304511
1119,1114.404541015625,1090.3403289331923
1120,1101.59521484375,1112.4257241036696
1121,1114.404541015625,1121.3061944089932
1122,1131.4835205078125,1126.7271845487091
1123,1093.0556640625,1119.4022946408802
1124,1063.1673583984375,1121.0975969133638
1125,1067.4371337890625,1121.7220541255574
1126,1058.897705078125,1113.5054755013496
1127,1067.4371337890625,1107.1265214996704
1128,1054.6278076171875,1073.510863258928
1129,1050.358154296875,1074.9038394769452
1130,1080.2464599609375,1080.7264162399188
1131,1114.404541015625,1060.093932637075
1132,1097.325439453125,1026.3550944780989
1133,1110.1346435546875,1011.7879052646721
1134,1144.292724609375,1004.8269086100627
1135,1127.2137451171875,995.6583254769246
1136,1114.404541015625,1031.4712226449612
1137,1088.785888671875,1031.9169792722926
1138,1088.785888671875,1026.4354404946032
1139,1140.02294921875,1052.120802178028
1140,1122.9439697265625,1058.5039316719601
1141,1122.9439697265625,1088.910114000653
1142,1105.864990234375,1111.69713781183
1143,1105.864990234375,1085.6148855890017
1144,1105.864990234375,1079.9207225244757
1145,1101.59521484375,1108.6434292107326
1146,1097.325439453125,1120.5201148856356
1147,1097.325439453125,1123.9884059330457
1148,1097.325439453125,1099.653469897956
1149,1097.325439453125,1119.8939681647166
1150,1101.59521484375,1089.1290306315468
1151,1110.1346435546875,1075.9256093298407
1152,1093.0556640625,1069.9953630780979
1153,1084.51611328125,1067.6617222542602
1154,1080.2464599609375,1072.394909088147
1155,1067.4371337890625,1076.5377919466384
1156,1067.4371337890625,1080.0384606465625
1157,1063.1673583984375,1089.6306171905753
1158,1063.1673583984375,1090.4453102160473
1159,1046.0885009765625,1090.9849543109397
1160,1041.818603515625,1082.9933551268593
1161,1054.6278076171875,1078.9121796157872
1162,1029.009521484375,1081.4720203870354
1163,1011.9304809570312,1077.975178738881
1164,1024.73974609375,1070.9510578007298
1165,1063.1673583984375,1059.5634820739854
1166,1041.818603515625,1067.5026634498033
1167,1041.818603515625,1049.8869251339406
1168,1033.279296875,1040.3337784746032
1169,1037.5489501953125,1042.7557637207196
1170,1033.279296875,1017.6204557571419
1171,1101.59521484375,1011.7396499821523
1172,1093.0556640625,1039.0011522586544
1173,1075.9766845703125,1039.4478623383297
1174,1075.9766845703125,1016.0851502919999
1175,1075.9766845703125,1014.58510490706
1176,1054.6278076171875,1016.9853064155956
1177,1080.2464599609375,1020.1655643654362
1178,1093.0556640625,1025.4770443236634
1179,1093.0556640625,1055.153451579802
1180,1054.6278076171875,1090.7822187815732
1181,1075.9766845703125,1065.698532979105
1182,1067.4371337890625,1070.0158005056562
1183,1088.785888671875,1089.2180460017714
1184,1097.325439453125,1088.1010964444
1185,1101.59521484375,1092.10642283515
1186,1110.1346435546875,1096.8046011943145
1187,1101.59521484375,1090.875676974873
1188,1110.1346435546875,1081.923950176881
1189,1088.785888671875,1064.605894249439
1190,1122.9439697265625,1063.438228531391
1191,1101.59521484375,1075.0147732157532
1192,1088.785888671875,1077.8576524950927
1193,1093.0556640625,1079.0439811599476
1194,1075.9766845703125,1082.7637099500303
1195,1101.59521484375,1095.5482533729494
1196,1135.753173828125,1096.85080942348
1197,1105.864990234375,1094.7395746012673
1198,1110.1346435546875,1091.2825064824895
1199,1075.9766845703125,1085.3786412859956
1200,1020.469970703125,1083.5751552784557
1201,1020.469970703125,1092.8281663959458
1202,1029.009521484375,1101.90559275345
1203,1020.469970703125,1091.8651596649443
1204,990.581787109375,1082.9397741950202
1205,1016.2001342773438,1078.4175144145152
1206,1029.009521484375,1064.7136167077826
1207,1033.279296875,1055.9946216678768
1208,1033.279296875,1047.082932143602
1209,1029.009521484375,1021.4702844437988
1210,1024.73974609375,1004.8617537619298
1211,1029.009521484375,1009.1242419200149
1212,1037.5489501953125,1010.4432726117994
1213,1029.009521484375,1011.0762590290469
1214,1024.73974609375,1010.6107712351528
1215,1024.73974609375,1011.0279596052148
1216,1020.469970703125,1013.9062026968403
1217,1020.469970703125,1018.4376438702872
1218,1024.73974609375,1016.7489738299649
1219,1041.818603515625,1018.950548261769
1220,1033.279296875,1023.2582194670434
1221,1041.818603515625,1025.9522078931964
1222,1024.73974609375,1028.4389440302098
1223,1041.818603515625,1026.7958013393122
1224,1058.897705078125,1018.6943785704264
1225,1071.70703125,1023.6088515665388
1226,1067.4371337890625,1024.7011018526573
1227,1071.70703125,1026.9500045994246
1228,1041.818603515625,1027.6265496635717
1229,1067.4371337890625,1029.3984967035299
1230,1063.1673583984375,1031.402468137046
1231,1046.0885009765625,1033.615210320842
1232,1046.0885009765625,1033.578820223047
1233,1046.0885009765625,1000.9843632399222
1234,1041.818603515625,994.5914034757584
1235,1067.4371337890625,950.3701336819145
1236,1067.4371337890625,976.592015358859
1237,1067.4371337890625,999.4740417574972
1238,1067.4371337890625,997.2668348942537
1239,1024.73974609375,1011.8895009088797
1240,1020.469970703125,958.7470247238459
1241,1024.73974609375,974.0030479427421
1242,1041.818603515625,991.7111740250831
1243,1033.279296875,1003.9368255339158
1244,1033.279296875,1014.5639877032935
1245,1029.009521484375,1020.9050637690727
1246,1037.5489501953125,1026.4356788576893
1247,1029.009521484375,1028.1310407209442
1248,1029.009521484375,1033.258327811536
1249,1029.009521484375,1032.5398926420912
1250,1033.279296875,1032.9839718995584
1251,1029.009521484375,1032.4226709733575
1252,1033.279296875,1030.3787075109694
1253,1024.73974609375,1024.5756257585383
1254,1020.469970703125,1017.0260135337256
1255,1020.469970703125,1018.4460395478716
1256,1020.469970703125,1017.9222763935834
1257,1024.73974609375,1017.40607906021
1258,1033.279296875,1016.6786478913347
1259,1020.469970703125,1019.6849449297129
1260,1011.9304809570312,1018.0866056707193
1261,990.581787109375,1017.6951605139445
1262,1016.2001342773438,993.1148059558702
1263,1016.2001342773438,964.3443373352281
1264,1011.9304809570312,989.4530457440617
1265,1007.66064453125,943.2923744282183
1266,999.1212768554688,967.4290205158483
1267,1011.9304809570312,986.0591438430719
1268,994.8514404296876,998.6302982309198
1269,990.581787109375,1005.157703603846
1270,982.042236328125,1009.08507091955
1271,977.7725219726562,1012.0155949813699
1272,982.042236328125,1009.7432002282386
1273,969.23291015625,1013.6283861059844
1274,969.23291015625,1000.2047570400018
1275,969.23291015625,995.7890367306732
1276,964.9632568359376,977.3623253984258
1277,964.9632568359376,957.7434455057167
1278,947.8842163085938,942.2164740841464
1279,952.1539916992188,915.3241035310913
1280,930.8052978515624,910.7026493937635
1281,930.8052978515624,915.417153417253
1282,952.1539916992188,910.1165763631443
1283,939.3447265625,909.9851058788257
1284,913.7262573242188,902.8129371865515
1285,913.7262573242188,906.4444076299142
1286,905.186767578125,925.680520547831
1287,879.5682373046875,922.9176451898261
1288,888.1077270507812,924.6751050511134
1289,879.5682373046875,926.3909661397637
1290,917.99609375,928.11457844284
1291,905.186767578125,922.2704982396181
1292,892.3775024414062,922.8418457284804
1293,909.45654296875,922.6335693608974
1294,913.7262573242188,921.7979566640311
1295,900.9169311523438,915.5341102381134
1296,905.186767578125,915.8879823099257
1297,892.3775024414062,916.926344882085
1298,896.6472778320312,916.0994898215635
1299,888.1077270507812,917.5863281258869
1300,888.1077270507812,913.622155784053
1301,888.1077270507812,896.5943797469724
1302,896.6472778320312,899.8208624789709
1303,888.1077270507812,930.4161947446615
1304,888.1077270507812,909.3667390641857
1305,888.1077270507812,941.3959577160597
1306,892.3775024414062,918.2026467836398
1307,879.5682373046875,917.6309638208047
1308,900.9169311523438,936.2969652066014
1309,896.6472778320312,994.1845794858059
1310,896.6472778320312,954.3613558198772
1311,862.4892578125,947.5648650076525
1312,900.9169311523438,1007.335168050915
1313,896.6472778320312,1050.6128819829878
1314,896.6472778320312,991.1576154850459
1315,896.6472778320312,1013.1513156317635
1316,896.6472778320312,975.4739688898787
1317,892.3775024414062,1043.3077287593858
1318,913.7262573242188,1052.8645214911128
1319,930.8052978515624,1077.7671605979742
1320,922.2657470703124,986.7801480368878
1321,917.99609375,980.9443399155762
1322,913.7262573242188,1051.5940330003775
1323,926.5354614257812,1069.2022584649003
1324,926.5354614257812,983.9399370998719
1325,930.8052978515624,1059.582511393684
1326,930.8052978515624,1007.4354571122808
1327,922.2657470703124,1067.7937445049815
1328,922.2657470703124,1086.5270194576685
1329,913.7262573242188,1017.7437600986998
1330,883.8379516601562,989.7959795987057
1331,888.1077270507812,994.212467966867
1332,879.5682373046875,1037.1477247704677
1333,875.2985229492188,985.1794251470344
1334,871.0287475585938,990.0168009272219
1335,849.6800537109375,990.6554462606962
1336,875.2985229492188,1004.6507053199393
1337,828.3312377929688,977.532684378811
1338,871.0287475585938,977.4389194033915
1339,841.1405029296875,969.7605381425682
1340,866.759033203125,930.8820798103657
1341,866.759033203125,930.4794404168116
1342,866.759033203125,875.8075825307359
1343,875.2985229492188,832.6865172874725
1344,875.2985229492188,831.6651932618306
1345,875.2985229492188,826.7918334839206
1346,879.5682373046875,923.3458865444683
1347,879.5682373046875,983.6709311149355
1348,879.5682373046875,999.4420922757117
1349,879.5682373046875,1026.8350076528268
1350,879.5682373046875,1012.9689149014043
1351,879.5682373046875,1021.793663697129
1352,892.3775024414062,1021.150568919383
1353,875.2985229492188,957.1841397668284
1354,853.9497680664062,1047.8204010468764
1355,849.6800537109375,955.0739731643713
1356,879.5682373046875,940.2937138368543
1357,879.5682373046875,947.9707355452613
1358,879.5682373046875,1032.2093713244437
1359,875.2985229492188,994.3476639779371
1360,875.2985229492188,990.0993893223872
1361,862.4892578125,1043.6991959868167
1362,866.759033203125,979.692518785779
1363,858.219482421875,1024.9649168192766
1364,862.4892578125,951.7066619898633
1365,862.4892578125,994.0201884108328
1366,866.759033203125,943.4858722844697
1367,853.9497680664062,987.8768477672782
1368,849.6800537109375,942.981972720681
1369,856.2862548828125,957.8077152563103
1370,852.0048828125,958.6889524134881
1371,847.7234497070312,956.674484175926
1372,834.8790893554688,963.0582625471477
1373,813.471923828125,915.8751283598071
1374,813.471923828125,910.1293773436885
1375,813.471923828125,902.1896971710423
1376,787.7833862304688,863.5142270772188
1377,774.9390869140625,845.2033866895513
1378,787.7833862304688,800.2780188244719
1379,800.627685546875,803.7997892787032
1380,804.9091186523438,780.6184318136327
1381,787.7833862304688,778.2203579163462
1382,783.501953125,917.6964695281405
1383,783.501953125,861.7714751011636
1384,826.3162231445312,836.3447197095161
1385,856.2862548828125,826.8948416501194
1386,899.1005859375,817.7150554519396
1387,864.84912109375,939.1190605490818
1388,864.84912109375,1016.1455885766927
1389,856.2862548828125,950.2287755436582
1390,847.7234497070312,945.7244901054896
1391,822.0347900390625,915.4220972442217
1392,822.0347900390625,894.5662453591467
1393,822.0347900390625,875.4262722192469
1394,817.7533569335938,860.1487345247743
1395,804.9091186523438,850.8347410809183
1396,822.0347900390625,843.0604319203766
1397,822.0347900390625,816.4638081592014
1398,817.7533569335938,810.2915637844046
1399,809.1904907226562,806.184055773527
1400,800.627685546875,802.7195630860335
1401,792.0647583007812,799.1400204823676
1402,800.627685546875,783.0483227687681
1403,783.501953125,766.7293502668058
1404,774.9390869140625,757.1191509614226
1405,774.9390869140625,756.3186041229847
1406,783.501953125,753.2371167733693
1407,766.376220703125,752.3518186154672
1408,783.501953125,749.7556738219831
1409,779.2205200195312,899.2711795461466
1410,783.501953125,841.9838959414087
1411,774.9390869140625,816.2967950902826
1412,766.376220703125,966.1599489612353
1413,766.376220703125,882.5504328203497
1414,766.376220703125,852.3758202296988
1415,766.376220703125,831.602653850676
1416,766.376220703125,815.6149883817186
1417,770.6576538085938,805.294625988801
1418,766.376220703125,797.1407015431596
1419,766.376220703125,792.1381842856914
1420,770.6576538085938,787.204492162238
1421,779.2205200195312,784.8064535780012
1422,770.6576538085938,782.8983835594163
1423,766.376220703125,780.941193088592
1424,766.376220703125,764.08284906434
1425,783.501953125,767.0826220167719
1426,817.7533569335938,768.2825947612343
1427,813.471923828125,753.9031562052079
1428,813.471923828125,751.4725236760271
1429,809.1904907226562,754.6225183422092
1430,804.9091186523438,756.1685942875331
1431,800.627685546875,752.6894466843823
1432,792.0647583007812,750.5691099235896
1433,770.6576538085938,752.5539505123891
1434,770.6576538085938,755.2169429091006
1435,774.9390869140625,750.6834182657168
1436,787.7833862304688,749.5309062601543
1437,787.7833862304688,751.272016179395
1438,774.9390869140625,752.9231131347549
1439,766.376220703125,749.4702031275882
1440,762.0947265625,747.9405124373607
1441,770.6576538085938,747.8173405197394
1442,762.0947265625,746.3828891247598
1443,762.0947265625,744.0207639121459
1444,762.0947265625,742.0322154531198
1445,749.2504272460938,741.3739802052819
1446,744.968994140625,740.4049548063592
1447,727.8433227539062,738.6283905851428
1448,719.2804565429688,737.0366195534078
1449,723.5618896484375,735.9822778262246
1450,719.2804565429688,735.682046277023
1451,736.4061889648438,733.7603101081745
1452,736.4061889648438,732.2346451056214
1453,723.5618896484375,731.7683009702703
1454,693.5918579101562,730.7108516947067
1455,706.4362182617188,729.8294026592303
1456,723.5618896484375,727.9265589720122
1457,723.5618896484375,727.4748697523183
1458,714.9990234375,726.5646405812738
1459,693.5918579101562,725.3282953955415
1460,702.1547241210938,724.1508170637869
1461,689.3104248046875,723.648524243763
1462,676.4661254882812,723.9445182269914
1463,702.1547241210938,721.99951075834
1464,723.5618896484375,720.8217499221871
1465,736.4061889648438,752.2064347895366
1466,736.4061889648438,725.4563758270816
1467,736.4061889648438,723.3979075294976
1468,736.4061889648438,722.8948378223786
1469,766.376220703125,723.61419995938
1470,762.0947265625,726.1569514216018
1471,757.8132934570312,726.7215364614318
1472,723.5618896484375,726.3546338742517
1473,744.968994140625,785.6532251985968
1474,744.968994140625,735.5095773419135
1475,749.2504272460938,739.1324843707052
1476,749.2504272460938,739.9208835200202
1477,749.2504272460938,742.4623283994001
1478,749.2504272460938,744.7135000096156
1479,749.2504272460938,744.4652139566356
1480,749.2504272460938,740.6195875229021
1481,749.2504272460938,743.9354475838854
1482,753.5319213867188,744.0168088505709
1483,757.8132934570312,743.2292925275005
1484,753.5319213867188,741.6942695667567
1485,753.5319213867188,742.2683891300264
1486,723.5618896484375,742.0819009141557
1487,706.4362182617188,740.0979431516005
1488,706.4362182617188,731.0080816346772
1489,706.4362182617188,732.6148960256171
1490,706.4362182617188,732.2466162294958
1491,685.0289916992188,729.6287185973492
1492,685.0289916992188,728.1633682838149
1493,732.124755859375,727.501813609298
1494,723.5618896484375,726.7745060360969
1495,706.4362182617188,724.9713510883985
1496,710.7175903320312,723.8295389369184
1497,706.4362182617188,722.7176369385991
1498,689.3104248046875,722.5734537563608
1499,685.0289916992188,721.2106878524278
1500,723.5618896484375,719.5993887041664
1501,697.873291015625,721.9839023903387
1502,685.0289916992188,720.5760770348905
1503,706.4362182617188,719.1360814910959
1504,676.4661254882812,718.5271785737962
1505,676.4661254882812,718.683756636506
1506,697.873291015625,717.9067989153189
1507,676.4661254882812,717.8232835525969
1508,706.4362182617188,718.1679742314674
1509,689.3104248046875,716.9516162319087
1510,702.1547241210938,717.2546728250924
1511,693.5918579101562,716.923577670386
1512,672.1846923828125,716.8107171632996
1513,672.1846923828125,716.2390695135142
1514,680.74755859375,716.1562604117878
1515,667.9032592773438,716.0722153533193
1516,685.0289916992188,715.1484259711606
1517,655.0590209960938,714.6483225602228
1518,637.9332885742188,714.9996874055009
1519,676.4661254882812,713.9203440390759
1520,685.0289916992188,713.7410949984093
1521,685.0289916992188,713.6922923636179
1522,676.4661254882812,713.2605903300976
1523,672.1846923828125,713.5739583338161
1524,676.4661254882812,712.7537421266525
1525,685.0289916992188,712.8071354579149
1526,685.0289916992188,713.7998912262875
1527,680.74755859375,712.6242491731214
1528,680.74755859375,712.1173656566264
1529,685.0289916992188,712.6652476239121
1530,685.0289916992188,712.8639188419559
1531,680.74755859375,712.653382439187
1532,672.1846923828125,712.6082876746223
1533,702.1547241210938,714.0254003621616
1534,680.74755859375,714.9222105742908
1535,680.74755859375,714.8084672409601
1536,693.5918579101562,715.8321925539869
1537,719.2804565429688,723.8338471289911
1538,689.3104248046875,722.5608823106403
1539,672.1846923828125,720.7966423437958
1540,663.621826171875,718.6904308029139
1541,706.4362182617188,720.2841440523865
1542,655.0590209960938,720.1020346546879
1543,667.9032592773438,718.3572168652208
1544,680.74755859375,718.2228153977705
1545,685.0289916992188,720.5931685509825
1546,693.5918579101562,721.2245305679403
1547,693.5918579101562,740.3019466401606
1548,659.3404541015625,807.1732096108224
1549,667.9032592773438,739.2826707714057
1550,719.2804565429688,746.6533517729996
1551,719.2804565429688,792.1298857189938
1552,697.873291015625,751.7593009532638
1553,714.9990234375,759.1907910265733
1554,813.471923828125,757.8448694473838
1555,817.7533569335938,783.3700952783336
1556,787.7833862304688,920.496088114438
1557,800.627685546875,928.496665641424
1558,826.3162231445312,934.5729821165024
1559,856.2862548828125,947.3072916225813
1560,860.5676879882812,915.212037567625
1561,894.8191528320312,874.3822595591234
1562,864.84912109375,925.5945156150998
1563,834.8790893554688,1061.0476101017384
1564,856.2862548828125,978.8490577636
1565,856.2862548828125,861.3796238443163
1566,847.7234497070312,824.3043116315496
1567,834.8790893554688,808.2562961605239
1568,834.8790893554688,802.7669178857841
1569,817.7533569335938,782.9938700460125
1570,796.34619140625,769.4297744962805
1571,792.0647583007812,768.1532077468524
1572,783.501953125,809.6042305835507
1573,774.9390869140625,750.0864158461918
1574,757.8132934570312,662.8290704916345
1575,766.376220703125,768.3460169986333
1576,762.0947265625,785.062049432285
1577,770.6576538085938,787.2205242868366
1578,766.376220703125,785.911928601261
1579,766.376220703125,784.8960074722349
1580,770.6576538085938,780.9672188062773
1581,766.376220703125,779.5760612103238
1582,766.376220703125,776.2794820745187
1583,757.8132934570312,775.4679528776
1584,753.5319213867188,775.8961589191924
1585,753.5319213867188,771.425526817461
1586,749.2504272460938,778.1945440769593
1587,779.2205200195312,773.9510455113917
1588,792.0647583007812,772.9992881938099
1589,809.1904907226562,772.9911661923612
1590,796.34619140625,777.4031786314633
1591,779.2205200195312,781.5170076782508
1592,770.6576538085938,784.924928860002
1593,766.376220703125,785.805035999587
1594,714.9990234375,786.1050203574401
1595,714.9990234375,778.5713343180769
1596,749.2504272460938,752.4800756122563
1597,749.2504272460938,747.4018471760667
1598,736.4061889648438,759.0469609748327
1599,723.5618896484375,761.8553725105247
1600,732.124755859375,778.7700761622202
1601,710.7175903320312,743.1964513912081
1602,727.8433227539062,760.9457789743763
1603,706.4362182617188,728.5850414111985
1604,685.0289916992188,768.9360274343026
1605,702.1547241210938,663.1303614323294
1606,693.5918579101562,741.7801509038136
1607,693.5918579101562,725.8159686129579
1608,685.0289916992188,727.0780923250272
1609,689.3104248046875,711.9951118782994
1610,667.9032592773438,725.4626615499419
1611,676.4661254882812,731.2333435792029
1612,680.74755859375,727.4415342333291
1613,676.4661254882812,721.6794685882137
1614,676.4661254882812,718.3250466768742
1615,667.9032592773438,718.7674132514271
1616,676.4661254882812,716.518713554696
1617,672.1846923828125,716.5116509447406
1618,676.4661254882812,715.5674506198109
1619,680.74755859375,717.171863723366
1620,685.0289916992188,718.2467576455192
1621,685.0289916992188,718.6137661718485
1622,680.74755859375,719.1485116846172
1623,680.74755859375,724.1855297917174
1624,685.0289916992188,722.1882943224463
1625,685.0289916992188,719.3653691232961
1626,706.4362182617188,720.90985598138
1627,702.1547241210938,730.0043081947742
1628,710.7175903320312,721.7620304985916
1629,719.2804565429688,710.740262654484
1630,727.8433227539062,713.4229597329709
1631,727.8433227539062,791.2292970105384
1632,723.5618896484375,801.7759277699004
1633,723.5618896484375,788.3887859125995
1634,727.8433227539062,696.6007056455908
1635,714.9990234375,646.3902454987299
1636,714.9990234375,703.2145926774201
1637,702.1547241210938,751.4224144583941
1638,672.1846923828125,737.9743929032782
1639,680.74755859375,721.5174170027883
1640,680.74755859375,678.625974865698
1641,736.4061889648438,662.6165918711281
1642,702.1547241210938,722.5919577944438
1643,702.1547241210938,648.7642712091185
1644,706.4362182617188,631.3613999573099
1645,714.9990234375,636.7315966890533
1646,714.9990234375,661.7736340599082
1647,702.1547241210938,699.1599836151081
1648,710.7175903320312,705.6585735394165
1649,706.4362182617188,728.0780519555543
1650,714.9990234375,728.7255520362601
1651,689.3104248046875,683.8258567583683
1652,689.3104248046875,653.1755420741754
1653,685.0289916992188,675.7580961541821
1654,693.5918579101562,704.114157307432
1655,736.4061889648438,718.5313808267194
1656,727.8433227539062,682.9008314194674
1657,744.968994140625,679.9941436662468
1658,744.968994140625,667.1624760819336
1659,727.8433227539062,687.2618871277417
1660,710.7175903320312,694.6602535603606
1661,723.5618896484375,683.9411891789391
1662,706.4362182617188,686.9582302127119
1663,706.4362182617188,687.4484459697121
1664,702.1547241210938,681.7218346265724
1665,706.4362182617188,712.0891858429046
1666,706.4362182617188,721.5828167709748
1667,723.5618896484375,741.4329883114588
1668,719.2804565429688,713.5180577760195
1669,706.4362182617188,722.3633764232392
1670,693.5918579101562,656.0792635312147
1671,685.0289916992188,691.5348014637734
1672,714.9990234375,692.7881675394981
1673,676.4661254882812,699.7563857127869
1674,680.74755859375,683.2629667449276
1675,680.74755859375,671.1217045967987
1676,702.1547241210938,676.2239459068364
1677,685.0289916992188,714.8696647562232
1678,689.3104248046875,699.1577942060219
1679,689.3104248046875,730.2252972602769
1680,689.3104248046875,736.5540314151592
1681,685.0289916992188,725.6164851947692
1682,685.0289916992188,723.6180843948555
1683,689.3104248046875,722.8202566612503
1684,685.0289916992188,721.9962972708103
1685,689.3104248046875,717.8436591823181
1686,714.9990234375,720.1309207294054
1687,719.2804565429688,710.9385807420301
1688,710.7175903320312,809.7806545802351
1689,714.9990234375,765.3131557185606
1690,697.873291015625,683.1440677063295
1691,693.5918579101562,658.420765922759
1692,685.0289916992188,729.672083022475
1693,685.0289916992188,747.3797058938567
1694,685.0289916992188,750.6386766316498
1695,693.5918579101562,744.0207992251957
1696,697.873291015625,735.6996321758118
1697,685.0289916992188,727.5882599551514
1698,697.873291015625,724.0061748119015
1699,693.5918579101562,713.7277113525439
1700,714.9990234375,717.808098941193
1701,740.6876220703125,710.1776198323918
1702,727.8433227539062,726.0092722474355
1703,749.2504272460938,710.3565863686601
1704,749.2504272460938,786.5738364062757
1705,727.8433227539062,765.7334869500528
1706,736.4061889648438,738.3392120205212
1707,736.4061889648438,737.993214758809
1708,719.2804565429688,748.0000149262344
1709,689.3104248046875,717.2411832400776
1710,693.5918579101562,717.2874433352852
1711,680.74755859375,707.2411631782095
1712,685.0289916992188,726.5207111473517
1713,659.3404541015625,771.4066343358304
1714,659.3404541015625,774.233938353153
1715,629.3704223632812,838.964153459328
1716,599.4003295898438,941.6388938419985
1717,590.8375244140625,1009.2208672524664
1718,667.9032592773438,941.1134886308957
1719,667.9032592773438,863.711079673199
1720,783.501953125,820.0788580344179
1721,749.2504272460938,801.8107464369803
1722,757.8132934570312,783.7433189014235
1723,740.6876220703125,769.8216080966029
1724,732.124755859375,755.1489652882804
1725,766.376220703125,757.7355049322252
1726,744.968994140625,757.924853505128
1727,736.4061889648438,758.3759777160255
1728,736.4061889648438,757.2084576643078
1729,770.6576538085938,758.1667832091482
1730,911.9448852539062,760.7650820986687
1731,1044.669189453125,757.9748920966616
1732,1006.1363525390624,768.5848038412234
1733,1070.3577880859375,903.3235462297978
1734,1096.04638671875,852.7253841094384
1735,1066.0762939453125,860.8595685602546
1736,1070.3577880859375,962.5644536873327
1737,1100.327880859375,1055.8630408302777
1738,1147.423583984375,1120.1975588677783
1739,1126.0164794921875,1079.0615869223268
1740,1138.8607177734375,1099.5089385511176
1741,1113.172119140625,1190.2213645618701
1742,1113.172119140625,1217.6315656768509
1743,1053.2320556640625,1180.9037382880183
1744,1053.2320556640625,1123.8619134852127
1745,1027.5435791015625,1099.5564583290227
1746,997.573486328125,1090.37037151029
1747,929.070556640625,1071.1569019820095
1748,907.6634521484376,1061.790967456063
1749,894.8191528320312,1046.078244978536
1750,933.35205078125,1023.569839474798
1751,903.3819580078124,947.9596649041562
1752,843.4419555664062,896.2956136893366
1753,787.7833862304688,882.3125464605289
1754,813.471923828125,921.8273547779702
1755,757.8132934570312,1014.390644770202
1756,804.9091186523438,1017.5391916013433
1757,907.6634521484376,978.0478046641664
1758,881.974853515625,922.3174645958211
1759,929.070556640625,862.2697952030876
1760,886.2562255859375,817.8564312467206
1761,890.5376586914062,792.6197836585461
1762,907.6634521484376,786.3092004112491
1763,971.8848266601562,852.1705984409215
1764,933.35205078125,859.2005438252199
1765,929.070556640625,864.0330640610631
1766,941.9148559570312,907.5480110615358
1767,933.35205078125,998.8921886363264
1768,894.8191528320312,1054.3036253804007
1769,877.6934204101562,1133.1940048670792
1770,864.84912109375,1049.6107329433746
1771,860.5676879882812,917.9540605697366
1772,881.974853515625,870.5695978573565
1773,873.4119873046875,850.9653817085673
1774,886.2562255859375,835.0555638578427
1775,856.2862548828125,842.0215749655204
1776,864.84912109375,843.8151424202044
1777,847.7234497070312,848.4030668167692
1778,860.5676879882812,845.2783209811776
1779,864.84912109375,848.8702408087902
1780,847.7234497070312,827.7962072456698
1781,877.6934204101562,829.3710633265617
1782,860.5676879882812,820.554701380159
1783,873.4119873046875,776.2136585497349
1784,899.1005859375,826.1624136847006
1785,916.226318359375,799.19659198811
1786,886.2562255859375,784.2118524458609
1787,864.84912109375,814.5703047736495
1788,873.4119873046875,823.105645469929
1789,860.5676879882812,836.8643159239307
1790,860.5676879882812,838.1885552905572
1791,869.1305541992188,846.4184734193182
1792,847.7234497070312,846.5432167676543
1793,826.3162231445312,847.5396980627784
1794,856.2862548828125,843.1476904663748
1795,843.4419555664062,840.8297242225067
1796,804.9091186523438,844.4009506029502
1797,817.7533569335938,833.5191813446825
1798,830.59765625,820.9741144723571
1799,813.471923828125,827.4341072332594
1800,817.7533569335938,833.5994832198747
1801,826.3162231445312,838.9203299645551
1802,830.59765625,833.4565006813289
1803,817.7533569335938,828.1640456286689
1804,800.627685546875,817.7496798972456
1805,779.2205200195312,808.931587611404
1806,774.9390869140625,755.8777560095722
1807,770.6576538085938,778.5843295203947
1808,774.9390869140625,784.1764334569349
1809,770.6576538085938,781.0764420692367
1810,766.376220703125,770.3593199055529
1811,796.34619140625,762.4212641331965
1812,783.501953125,803.5493491296868
1813,783.501953125,716.9096996418236
1814,770.6576538085938,754.8887434244759
1815,774.9390869140625,741.3652225689373
1816,766.376220703125,747.6934623411228
1817,770.6576538085938,763.1117048824307
1818,796.34619140625,729.5758549618334
1819,783.501953125,736.0223228246714
1820,779.2205200195312,720.623149330243
1821,792.0647583007812,746.8328126919648
1822,796.34619140625,722.3869302274402
1823,804.9091186523438,723.8186272045374
1824,809.1904907226562,704.679554547407
1825,796.34619140625,691.7159220960782
1826,774.9390869140625,702.395082731252
1827,783.501953125,734.7643307394259
